source_id,r_lo,r_hi,n_points,hamiltonian_residual_mean,hamiltonian_residual_p95_abs,abs_weyl_mean,abs_weyl_p95_abs,ricci_trace_mean,ricci_trace_p95_abs,eigen_gap_mean,eigen_gap_p95_abs
B00,0.0,4.0,72,0.0014610554127203715,0.0029289897414855664,0.0018797336880298746,0.002773174725007266,0.018550792838343315,0.024736445583403113,0.44460104033350945,0.4811758115887642
B00,4.0,8.0,555,0.0002354974391512048,0.0005506074929144233,0.003336864599521767,0.0036526501644402742,0.004793176285163206,0.011992324609309435,0.4673164026694255,0.49028217494487764
B00,8.0,12.0,1521,0.0001321317852554486,0.0004323567554820329,0.0018200607546562308,0.002878099912777543,7.480568393441317e-05,0.0005071443156339228,0.44350525439961186,0.4843307435512543
B00,12.0,16.0,2878,3.865621476201511e-05,0.00010354545629525094,0.0007667299773992827,0.0012752005772199483,-9.531531987619622e-06,0.00010354510850447698,0.3336461185113482,0.46522664576768874
B00,16.0,20.0,4408,2.9283807285020473e-05,0.00011667652652249588,0.0006158844091619944,0.0018527009873650962,4.337722850230723e-05,0.00019398312579141898,0.2938093491648363,0.4609623089432716
B00,20.0,24.0,6085,4.488541653963372e-05,0.00021433427755255264,0.000699042122184139,0.0029343144036829472,0.00036175126280588025,0.0023161088116467016,0.30790143391853086,0.46722874641418455
B00,24.0,28.0,7796,6.894356586417326e-05,0.0002765431854641065,0.0006748047876188865,0.002947937522549182,0.0006363721844741148,0.0037451255484484136,0.3207972158508431,0.47073688358068466
B00,28.0,32.0,9281,3.8069814662111415e-05,0.00017137662507593632,0.0006191380346629662,0.002728372812271118,0.0002694277551211615,0.0013603754341602325,0.31741854077319764,0.4784291088581085
B00,32.0,36.0,10753,2.10974465311943e-05,9.678234055172649e-05,0.0004577462175990224,0.001462345337495207,2.4859212763590448e-05,0.000124762172345072,0.3107341495196079,0.4816793859004974
B00,36.0,40.0,12272,1.2966585804044192e-05,5.5797789718780774e-05,0.00035610528946662743,0.0011068591848015785,7.600608208289081e-05,8.45869515615049e-05,0.3021726172984455,0.47412102818489077
B00,40.0,44.0,14124,1.8081092761222615e-05,9.167966018139847e-05,0.00036672448674346706,0.0011643719160929322,0.00016074296979715433,0.00032049030996859044,0.30019252660965706,0.47341403663158405
B00,44.0,48.0,15284,2.7110581502426296e-05,0.00014128047769190722,0.00048360909160932177,0.0017181389324832659,0.00022350375789274079,0.0009137613233178728,0.3031967800186574,0.4800650030374527
B01,0.0,4.0,72,0.0024279397587937033,0.00800277888774872,0.005032139785827085,0.006579136662185193,0.025713416100997064,0.04019511304795742,0.42827971693542266,0.4793943867087364
B01,4.0,8.0,555,0.0005251643486267845,0.0010946937720291313,0.005705207817860552,0.007040041452273727,0.0035794863824471046,0.013339596055448053,0.4599251030264674,0.48940626382827757
B01,8.0,12.0,1521,0.0001358329572749389,0.0004182406119070947,0.002091015929636043,0.0035906662233173847,-3.53524862932928e-06,0.00041824037907645106,0.45279449208796924,0.48875635862350464
B01,12.0,16.0,2898,2.7769771973807332e-05,7.029015723674097e-05,0.0008184003604002672,0.0012738698744215072,1.0629933880327393e-06,7.028979634924331e-05,0.3665805941733954,0.4827950119972229
B01,16.0,20.0,4843,2.3264805304402237e-05,8.217789800255552e-05,0.0005485064923353333,0.0014093306730501324,8.705389512639455e-06,8.476693838019852e-05,0.2943292082565916,0.47410395145416256
B01,20.0,24.0,6920,3.63719274495643e-05,0.0001676487896475005,0.0006476542058245113,0.00263929406646639,0.00017610475566204702,0.0005617417249595731,0.3088865172780965,0.47120761722326276
B01,24.0,28.0,8814,6.05835798990457e-05,0.00027254894957877787,0.000773580774445177,0.003132720547728241,0.0005744022179694464,0.0035245116683654547,0.3383373354062485,0.4795687094330788
B01,28.0,32.0,11094,6.432609097703199e-05,0.00029132152994861845,0.0008056560601626289,0.003133715060539544,0.0005289581978131206,0.0031135609140619646,0.335968218536593,0.4809734344482422
B01,32.0,36.0,13651,4.904285018053344e-05,0.00023016761406324804,0.0007672734374432514,0.0029501133831217885,0.00026798911815285664,0.0014311627601273358,0.3270357715679926,0.4829592704772949
B01,36.0,40.0,15363,4.976659376974225e-05,0.0001668969358433969,0.000627974767528832,0.002193723013624548,0.0003418822522000294,0.0006540028727613366,0.31548095854926855,0.4816663652658462
B01,40.0,44.0,17134,3.5658159735198155e-05,0.00013634483839268768,0.0005294465918849252,0.0019305738329421726,0.0001994786565786893,0.00032525398710276916,0.2995856569505467,0.47793316543102266
B01,44.0,48.0,18469,2.5589704721194352e-05,0.0001103222486563026,0.00047296295676349976,0.0016607257304713065,9.201759347786063e-05,0.00018836964154615875,0.2878578533805498,0.474928343296051
B02,0.0,4.0,72,0.0004130189069352734,0.0005753676930908113,0.00039346697536125756,0.0006046866794349626,0.008260252756170101,0.009773942781612277,0.4232952801717652,0.4776401206851006
B02,4.0,8.0,555,9.428682467573379e-05,0.00025641012180130927,0.001054275607342018,0.0012567744473926724,0.0036724637648476673,0.006508887838572263,0.4685016698665447,0.4928828150033951
B02,8.0,12.0,1521,7.318466569417365e-05,0.00018082319002132863,0.0010289683582351214,0.0012703350512310863,0.00033671980383522454,0.0013832824770361185,0.45558136254842935,0.4922042489051819
B02,12.0,16.0,2898,1.612081549348598e-05,4.364629221527139e-05,0.0004857986812308505,0.0007482747052563355,-4.432753347166836e-07,4.3646235462801995e-05,0.38048172655127704,0.48162333518266676
B02,16.0,20.0,4762,1.1692679613923653e-05,4.462737397261656e-05,0.0003406242574982785,0.0008322366076754401,-2.3362808243282218e-06,4.462761335162207e-05,0.313712299568655,0.4698828965425491
B02,20.0,24.0,6576,2.1203525798570302e-05,6.895487240399234e-05,0.00042711828202528164,0.0014157052792143077,3.9018965842920715e-05,6.931965253897943e-05,0.30002164181541846,0.4737839177250862
B02,24.0,28.0,8417,4.5962688177351427e-05,0.00013670467596966766,0.0005557788721052083,0.0022078204900026314,0.0002594153261823969,0.00014068486343603575,0.2957412505577082,0.47542478442192077
B02,28.0,32.0,10539,5.462585872974979e-05,0.0002120759469107731,0.0006791925807893195,0.002934585511684418,0.00025208857835130416,0.0002579321095254275,0.30097469475674504,0.47762017548084257
B02,32.0,36.0,11501,6.796954785573751e-05,0.0003252148744650185,0.0008443955515370119,0.003340266877785325,0.000308374766178063,0.0006275080959312618,0.3262773433730296,0.4761742949485779
B02,36.0,40.0,11893,7.862087531687465e-05,0.00038008320843800896,0.0009833351399924444,0.003681344725191593,0.0004970800481574598,0.0018958286847919215,0.33504841861575724,0.48103261590003965
B02,40.0,44.0,12668,7.863654709698745e-05,0.0003597234099288471,0.0009753793868391794,0.0035008433507755397,0.0005248840759044348,0.002426393667701631,0.32967185830965534,0.4843021884560585
B02,44.0,48.0,13625,5.834533692855713e-05,0.00027083669556304796,0.0007983807432000662,0.003069441765546798,0.000360965680818552,0.0008244769182056163,0.3188099018827384,0.48178905844688413
B03,0.0,4.0,80,0.00036722623226523863,0.0005145136936334893,0.00042326881257395146,0.0006811717088567093,0.0074720015574712305,0.008982569444924593,0.3303081765538082,0.4762490004301071
B03,4.0,8.0,554,8.232329000364251e-05,0.0002217126544564963,0.001029420387784073,0.0012671157310251147,0.003298801434897088,0.005805756733752787,0.42895152137382797,0.48361480981111526
B03,8.0,12.0,1501,6.810493258247274e-05,0.00016830686945468187,0.0009968296738653547,0.0012725181877613068,0.0003080182552888765,0.00124557560775429,0.4145255688625046,0.4828271269798279
B03,12.0,16.0,2950,1.7877617005298682e-05,4.6040446795814186e-05,0.0005025187261221078,0.0008933785022236389,1.2192143996933534e-06,4.6040499000810066e-05,0.3084397768110315,0.46445265263319
B03,16.0,20.0,4818,2.1472422261191847e-05,8.417756289418315e-05,0.00046020945510769014,0.0015331381058786059,1.5988233211383625e-05,8.474062597088048e-05,0.27808820826501046,0.45980871468782425
B03,20.0,24.0,6657,3.544933945324115e-05,0.00018013293156400316,0.0006131304241559692,0.002873946214094757,0.00020234394024318142,0.00038104382692836174,0.28238444658750556,0.47264569401741025
B03,24.0,28.0,8709,6.0408061262735446e-05,0.00029091904289089163,0.0007250663676795052,0.003189694741740823,0.0005467988910550889,0.0026016807183623335,0.30456199917387833,0.47230753898620603
B03,28.0,32.0,10909,5.568272542244152e-05,0.0002508018165826798,0.0007401158784047933,0.0030695791821926835,0.0004089922063099538,0.0013999689603224404,0.31775435724986434,0.47964793443679815
B03,32.0,36.0,12960,3.844306130221544e-05,0.00018815754738170652,0.0006810100943870746,0.0027040187502279872,0.00015903220967996816,0.0005458003462990741,0.3131760741591936,0.47789976447820665
B03,36.0,40.0,14442,4.309271031986512e-05,0.00017514436694909813,0.0006307894383771209,0.002246102038770913,0.0002729437778945202,0.0005970967846224038,0.3183570094233984,0.4780687436461449
B03,40.0,44.0,15080,4.860845981033165e-05,0.00018647397155291395,0.0006496645574727385,0.0026508053531870217,0.0003641209877854831,0.0014253451023250813,0.32034726995513546,0.47716576159000396
B03,44.0,48.0,15814,4.302426006550054e-05,0.00016919839181355183,0.0005696765192717468,0.002007695531938216,0.00026367747906567854,0.0006228544400073585,0.30844513101937515,0.47995401322841647
B04,0.0,4.0,80,0.001134616128183552,0.002251300669740885,0.0018314299870326068,0.0025481112184934317,0.014881614060141147,0.02008123323321342,0.4424745386466384,0.48686630427837374
B04,4.0,8.0,554,0.00018710231383973314,0.00042146330524701626,0.0030502662981359376,0.0033107166294939817,0.003729002485154718,0.009490559063851834,0.4660338401686844,0.4895761772990227
B04,8.0,12.0,1501,0.00010708663346122308,0.00034576040343381464,0.001649516483326427,0.0026217629201710224,5.946898990937714e-05,0.0003890962398145348,0.4370374940459844,0.485041081905365
B04,12.0,16.0,2950,2.2036437207334596e-05,5.700278452422934e-05,0.0006837911270578565,0.0011420564784202722,1.4012933596810375e-06,5.700266683561493e-05,0.31742248232032455,0.46853660643100736
B04,16.0,20.0,4846,2.1309427959937618e-05,7.77825916884467e-05,0.0005378988742703762,0.001398758584400639,4.1936037083043355e-05,0.00013035564188612625,0.279581455232035,0.4619259238243103
B04,20.0,24.0,7183,3.6285848323702886e-05,0.0001719151987344958,0.0006442291867402966,0.002471663360483944,0.000282249831917463,0.0018283488927408986,0.2877893576559689,0.4708892375230789
B04,24.0,28.0,10134,5.540764921573759e-05,0.00026091204053955156,0.000730459156587676,0.0029463074635714295,0.0006006218140518499,0.00429894356057048,0.31609130039803884,0.4750508785247803
B04,28.0,32.0,13448,5.798534979669874e-05,0.0002336775629373732,0.0007442939035613949,0.0028814978897571558,0.0005110111540256312,0.0030290005262941094,0.34262900383274847,0.4823738425970078
B04,32.0,36.0,17134,3.86232782390648e-05,0.00017642337697907305,0.0007011729959200692,0.0024779221508651962,0.0001984813189283734,0.0007979899237398039,0.3393993700087246,0.4831884518265724
B04,36.0,40.0,21208,4.216096706989506e-05,0.00016973822421277864,0.0006361369828787903,0.002258486452046776,0.00022534762045573555,0.0003931174287572497,0.3263354498287837,0.4818226620554924
B04,40.0,44.0,22890,4.6566990373912106e-05,0.0001632211911783088,0.00064395144574754,0.002479984564706682,0.000325978082160127,0.0008605100709246449,0.3222123912461733,0.4832674294710159
B04,44.0,48.0,23717,4.599955251058646e-05,0.0001872991502750666,0.000636073845939906,0.002693773712962867,0.0002857860986485516,0.0007277697091922169,0.32295777854759167,0.48098827600479127
B05,0.0,4.0,80,0.00212188586292541,0.00653080616611987,0.005137763269158313,0.006631297199055553,0.0238369288505055,0.036510448902845376,0.4224145904183388,0.48105005323886874
B05,4.0,8.0,554,0.0005215170930050228,0.0010496566188521685,0.005571467594734464,0.006938850972801447,0.003228755980135428,0.012179456232115629,0.4623369428224942,0.4944444254040718
B05,8.0,12.0,1501,0.00012729789667390037,0.00037260205135680735,0.002050192865262616,0.0035057079512625933,2.2192572722066727e-06,0.00037260184762999415,0.46139223048640915,0.4937417805194855
B05,12.0,16.0,2950,2.589875407902617e-05,6.685914086119737e-05,0.0007948823381211387,0.0012107135902624578,1.3553057555303697e-06,6.685937514703256e-05,0.3792892477657721,0.4878161698579788
B05,16.0,20.0,4846,1.3610090099925786e-05,3.977301730628824e-05,0.0004996217166085776,0.0012209854903630912,1.7829741220065605e-06,3.977287906309357e-05,0.29056204914567235,0.4741610959172249
B05,20.0,24.0,7183,2.6670896073656326e-05,0.00012282647221581973,0.0005607122438316559,0.0021858073072507974,4.016786385844091e-05,0.00013849679671693572,0.28074008925825167,0.47193545401096343
B05,24.0,28.0,10134,4.601630174793629e-05,0.00022102217044448486,0.0006942658761715478,0.003014596796128899,0.0003046700149511239,0.0004391804672195577,0.3025561265270098,0.47857902497053145
B05,28.0,32.0,13142,6.661562786732375e-05,0.00030686038517160295,0.0007710319354552876,0.003265318006742744,0.0004425508486960263,0.0007520614861277837,0.3156460491140737,0.48206848949193953
B05,32.0,36.0,15758,5.306381750267112e-05,0.0002383927072514779,0.000778996010242922,0.0031533919507637617,0.00028992478310992055,0.0005313250614562991,0.31775550779208594,0.48035179674625395
B05,36.0,40.0,18017,4.8405165793962274e-05,0.0001766128058079631,0.0006997532046517185,0.0025726346764713536,0.0003034961042936899,0.0008716090116649873,0.31904875360733875,0.47913203835487367
B05,40.0,44.0,19132,4.632355388951076e-05,0.00019546112598618507,0.0006427121957986703,0.002457999251782895,0.00033874882883307096,0.0021763411816209588,0.3136146184335138,0.4751469835639
B05,44.0,48.0,19632,4.3994691936028764e-05,0.00019250872937845998,0.000589070996146822,0.002259702200535685,0.0004135427454539118,0.002907784667331727,0.30374127994142824,0.47399958223104477
B06,0.0,4.0,81,0.002214267098331478,0.007157269865274429,0.005236152756059496,0.006920733489096165,0.025022750306460593,0.03882541507482529,0.421863078703115,0.475829541683197
B06,4.0,8.0,557,0.0005674289489581523,0.0011304316809400904,0.005690672309881936,0.007030599191784858,0.0033597464829804424,0.01151480246335267,0.4608301528373355,0.492430704832077
B06,8.0,12.0,1502,0.00012944167248632503,0.0003788554007769563,0.0021042379001267107,0.0035787386237643663,4.1975680030461204e-06,0.00037885516794631266,0.44993798266079393,0.4892508313059807
B06,12.0,16.0,2965,3.456908494560318e-05,0.00010479028715053567,0.0008400822155398253,0.0012975486926734448,-5.836131126294088e-06,0.00010479052725713694,0.360710360139332,0.4795753717422485
B06,16.0,20.0,4518,2.1013112483854513e-05,9.678407805040456e-05,0.0005593916854141463,0.0014349992561619724,4.716189785248105e-05,0.00010503473640710555,0.28337149840141984,0.4621041283011436
B06,20.0,24.0,6178,3.103351343282017e-05,0.00013328369605005716,0.0005257454981835716,0.0021690021036192774,0.0002242371413066392,0.00018512119131628408,0.2564067423958559,0.46098852455615996
B06,24.0,28.0,8095,3.91491151982729e-05,0.00017748135724104927,0.0006210135467212568,0.002639000630006192,0.00025909879254447436,0.00039827461005188363,0.2978676862952356,0.47571712732315063
B06,28.0,32.0,10245,5.1274835005418586e-05,0.00018954630068037653,0.0007151649196229114,0.0028418460860848405,0.00029156093946255105,0.000689521513413635,0.3198441628951236,0.4792072236537933
B06,32.0,36.0,12577,5.117802988712149e-05,0.0002218148554675273,0.0007625402931140452,0.0028726732823997686,0.00032361681844719125,0.00130886265542358,0.32542567567905695,0.48205349445343015
B06,36.0,40.0,15268,5.7033663888335766e-05,0.00023179526178864748,0.0007239474881982211,0.002920634089969097,0.0004561681940399174,0.002273144805803895,0.32005373050790753,0.4824220582842827
B06,40.0,44.0,18053,4.853975516115798e-05,0.00021669273555744394,0.0006535184080409256,0.002830831985920667,0.0003753094861675578,0.0017804321600124228,0.30896188501502714,0.47811985015869135
B06,44.0,48.0,20837,3.897410972084001e-05,0.00016768181812949482,0.0005681888272998873,0.002443599607795478,0.00022720668784312602,0.0005133841419592538,0.29299357130125253,0.47536979913711547
B07,0.0,4.0,72,0.0003778983668275436,0.0005285306397126988,0.00038296007389564894,0.0006125463754869998,0.007590745226480067,0.009000766649842262,0.3864271586450438,0.4774555295705795
B07,4.0,8.0,555,8.456269497283298e-05,0.00023341142805293196,0.0010166942624392004,0.0012530056061223148,0.0033640418384173836,0.005975677864626049,0.4523428799869778,0.48989482820034025
B07,8.0,12.0,1521,6.846823923420867e-05,0.00016758630226831883,0.0009934553893510788,0.0012793764472007751,0.0003089694856551152,0.001256110961548984,0.42787962876637464,0.49097469449043274
B07,12.0,16.0,2898,1.657520274503953e-05,4.348995826148895e-05,0.0004964348115979001,0.0009152033948339523,2.0039494866673626e-06,4.348987677076367e-05,0.32226473336855,0.4793556317687035
B07,16.0,20.0,4843,1.3955593199955127e-05,4.9568488611839645e-05,0.00039831505418296855,0.0012627902789972712,1.569441788446483e-05,5.0190729598398074e-05,0.2938882505622546,0.4718772411346435
B07,20.0,24.0,7295,2.427976084000089e-05,0.00011796645703725514,0.0004653327431920897,0.002122279722243544,0.00012266939757329633,0.00015180775080807403,0.30214524991152486,0.4741788804531097
B07,24.0,28.0,9573,3.9393480775938355e-05,0.00016145688423421223,0.0005713462994903735,0.002572287572547793,0.00029347522666696684,0.0003112420614343131,0.310450301738245,0.48096824884414674
B07,28.0,32.0,11713,4.70077914277493e-05,0.00016309003403875975,0.0006318634445280337,0.0027355742175132034,0.00030019750695953266,0.0003673698229249561,0.32786648454579614,0.4827350914478302
B07,32.0,36.0,13356,4.2091325545861116e-05,0.00019611283642007038,0.0006571460853805186,0.0025537217734381557,0.00020082473044587477,0.000546557130292058,0.3309502811678149,0.4840385690331459
B07,36.0,40.0,14839,4.566273977772993e-05,0.00019161225791322037,0.0006686844461310882,0.002591108833439647,0.0003380926948150997,0.001391762308776374,0.3209128583837285,0.4817238062620162
B07,40.0,44.0,16535,5.160114171952662e-05,0.00020280980097595562,0.0006749683201306436,0.0026823590742424126,0.0004275830356872537,0.0021980604389682376,0.3043938149295555,0.47787726521492
B07,44.0,48.0,17306,4.9020750173729405e-05,0.0001866319107648451,0.000635461255473034,0.002591156109701842,0.0003351019791745881,0.0018860915151890367,0.3022312949066742,0.4735173359513283
B08,0.0,4.0,80,0.0011037136337108677,0.002179831045214086,0.0018080114505210076,0.002506164484657347,0.01448470379691571,0.019444928411394356,0.44687006920576094,0.4825511619448662
B08,4.0,8.0,554,0.0001819261995302837,0.0004094228002941236,0.003012564354357629,0.00326354312710464,0.0036181967419913435,0.009162003220990301,0.4654466552316927,0.4898027166724205
B08,8.0,12.0,1501,0.00010448357444175201,0.0003401360590942204,0.001626176637950118,0.002581249689683318,5.874469134719404e-05,0.00037318322574719787,0.43181535814064176,0.4846612513065338
B08,12.0,16.0,2950,2.2304718877648963e-05,5.72251610719831e-05,0.0006793370982582712,0.0011327470769174394,7.18765262142603e-06,5.831051948916862e-05,0.29669549326740324,0.4622225046157836
B08,16.0,20.0,4846,1.618060020249574e-05,6.257855238800403e-05,0.0004984774392420361,0.0012475117691792548,6.503367400487959e-05,0.00011155781430716161,0.24136676757636258,0.4528757929801941
B08,20.0,24.0,7183,3.320975251313362e-05,0.00015025647735456002,0.0006047432982222308,0.0018382948357611882,0.00020249095326719808,0.0011931039509363462,0.25908521689107633,0.4634811103343964
B08,24.0,28.0,10134,5.4050393099913703e-05,0.00022479861945612378,0.0007540602261756294,0.0027121010818518727,0.00045188806871719546,0.0028524243272841023,0.30131239182323305,0.47825762033462527
B08,28.0,32.0,13448,6.147620034422959e-05,0.0002531803445890545,0.0008786924087922056,0.003125572379212826,0.0005146653036531569,0.0030021274578757463,0.3347698141564839,0.4813928484916687
B08,32.0,36.0,17134,6.674554498675519e-05,0.0002930682414444159,0.0008888247390869782,0.0032091829809360165,0.00045630414229504135,0.0024698241264559232,0.3442997461696054,0.4819850236177444
B08,36.0,40.0,21480,6.13467540191056e-05,0.0002706212224438785,0.0008119039036761732,0.0032425427925772965,0.00043308573120243133,0.002058567292988298,0.34366706548112774,0.4820650577545166
B08,40.0,44.0,24898,5.416780915818134e-05,0.0002216572975157756,0.0007125748768233566,0.002929136343300339,0.0003581656660029155,0.0007969837548444034,0.3304641992678418,0.48235617130994796
B08,44.0,48.0,27001,3.964078532595596e-05,0.00016367359785363078,0.0005800518961461445,0.002294939011335373,0.00019417789472383486,0.00027150815003551543,0.3155039764936055,0.47901076078414917
B09,0.0,4.0,81,0.0012361692986163643,0.0025477970484644175,0.0018881699600311595,0.0026908826548606157,0.016221561883058812,0.02184976637363434,0.42562213319319264,0.4856169521808624
B09,4.0,8.0,538,0.00019247586446756681,0.0003951491235056891,0.0031849667789123704,0.0035618591238744555,0.00412862739641718,0.0100433680228889,0.45473354079909484,0.4873465240001678
B09,8.0,12.0,1484,0.0001304773312073108,0.0003521326099871657,0.0017644172243935852,0.002799298020545393,8.016055681470992e-05,0.0004440093412995337,0.40685724792374434,0.4772773638367653
B09,12.0,16.0,2938,2.8650125970463778e-05,8.99339465831873e-05,0.0007609094445661175,0.0015096973569598056,4.256153575892599e-05,0.00012707367786788404,0.2827206875557207,0.4550730064511299
B09,16.0,20.0,4802,2.9687559167246057e-05,0.00012375967344269146,0.0005873566007205896,0.0015131591295357793,0.00016596866742994116,0.0008237337344326061,0.25852639512508213,0.44647595733404155
B09,20.0,24.0,7228,4.37466176473546e-05,0.00016856982110766684,0.0005968604850007732,0.0017961855453904687,0.00036605180661553814,0.0015586457273457108,0.28255620423128885,0.4562840983271598
B09,24.0,28.0,10130,4.2402439426686856e-05,0.00015007740366854705,0.0006239249418912589,0.002349493559449911,0.0002682603539827216,0.0006264627008931669,0.3093410444329636,0.4729939475655555
B09,28.0,32.0,12935,3.7922971450227126e-05,0.00017875132907647638,0.0006515126402402225,0.0027875148225575672,0.00015147282376730048,0.0003150285076117131,0.32517863299929967,0.4783667832612991
B09,32.0,36.0,15236,5.3336497138002794e-05,0.0002036380501522217,0.0006612645862952871,0.0027523371390998363,0.00036284879412760605,0.0003639869682956487,0.3261370058542933,0.47944898158311844
B09,36.0,40.0,16333,5.176606306480885e-05,0.0002363047533435742,0.0007219184949143592,0.0030698629096150396,0.0003447386069707366,0.0009661883930675669,0.3189800546137469,0.481742924451828
B09,40.0,44.0,16617,5.838224645196315e-05,0.00022523510269820571,0.0006820771237448393,0.002792122261598705,0.00035674074588199373,0.0015150662045925816,0.3190337581166586,0.48212628364562987
B09,44.0,48.0,16982,3.921775877171945e-05,0.0001708722091279921,0.0006062547114668167,0.0019149277999531479,0.0002739659001706174,0.0013558623613789626,0.3254859622550994,0.48316514939069743
B10,0.0,4.0,80,0.002472047198261862,0.007662408542819318,0.005397879390147864,0.007196640176698565,0.02792439181357622,0.04300325457006693,0.41978537254035475,0.4788375645875931
B10,4.0,8.0,554,0.0006258578507328857,0.0012695891375187785,0.00600245891017873,0.007403512252494693,0.003860397298646377,0.013670957367867232,0.4619807042584953,0.4950727805495262
B10,8.0,12.0,1501,0.00015414053665368792,0.000456437497632578,0.002226540267214348,0.0038271918892860413,1.9378036977033707e-06,0.00045643767225556076,0.4677000379538552,0.49357539415359497
B10,12.0,16.0,2927,4.2928481176259874e-05,0.00012468961649574325,0.0008583626669946439,0.0012538755196146666,-1.3275020890285975e-05,0.00012468934874050304,0.41361821224186907,0.48557758033275605
B10,16.0,20.0,4406,1.2304766895336312e-05,3.0799571504758205e-05,0.00044951926369321055,0.0007453764119418338,-5.750374718971854e-08,3.0799361411482096e-05,0.32347049403402106,0.4650738537311554
B10,20.0,24.0,5985,1.3085520564199154e-05,5.2329119353089484e-05,0.0003282795917585495,0.0009772172663360839,4.02296583614682e-05,6.94306610967033e-05,0.2776847481174457,0.453621906042099
B10,24.0,28.0,7670,1.8775515090738338e-05,9.026791485666684e-05,0.00034768818580338155,0.0011196178966201837,0.00017449214474362097,0.0009964413242414592,0.279074351821449,0.462451209127903
B10,28.0,32.0,8908,2.5711484876999857e-05,0.00013901865168008948,0.0004308386193885034,0.0012252711108885698,0.0003243927262877097,0.0024588264292106005,0.2958819611411735,0.4790330439805984
B10,32.0,36.0,10262,3.280540366873729e-05,0.0001388049124216194,0.0005127572059528727,0.00145814103889279,0.0003322875530382946,0.002124233229551464,0.31229171033518677,0.4809155955910682
B10,36.0,40.0,11933,3.3987153854577656e-05,0.00015633082948625083,0.0005776390461543373,0.002202077815309164,0.00023504207602673778,0.0013830783544108271,0.3109763136821559,0.47756439447402954
B10,40.0,44.0,13747,4.0368236157673424e-05,0.0001782078223186543,0.00056598646799818,0.002303295116871592,0.00034764974389352345,0.001811469870153786,0.29145935208586315,0.4721344292163849
B10,44.0,48.0,15499,4.4707654490971846e-05,0.00014673991536255895,0.0005161275672034857,0.0019337135250680126,0.00036428208247683933,0.0013829407049342829,0.28146837232791433,0.470492461323738
B11,0.0,4.0,80,0.00038010075950296597,0.000522222917061299,0.00042231480656482743,0.0006602964422199875,0.007749940635403618,0.009146242681890725,0.34491344937705437,0.46665795892477036
B11,4.0,8.0,554,8.52708058536226e-05,0.00022548042179550978,0.0010459809113312379,0.0012877260916866363,0.0034348532344829897,0.006036368082277478,0.4393760961100513,0.4878206491470337
B11,8.0,12.0,1501,7.149388191497515e-05,0.00017092822236008942,0.0010201815271214628,0.0013168280711397529,0.0003215836002562832,0.001286874059587717,0.4208558760719904,0.49123460054397583
B11,12.0,16.0,2950,1.973758240253299e-05,5.113835195516002e-05,0.0005205384799687713,0.0009611649235012008,2.2291406176969165e-06,5.113843253639059e-05,0.33099384413261,0.4731328934431076
B11,16.0,20.0,4846,1.6246954948919996e-05,5.9078234698972665e-05,0.00041580228611485387,0.001389957295032218,5.8035826099927155e-05,6.82289737596875e-05,0.2959419340551676,0.46069058775901794
B11,20.0,24.0,7151,2.5594208048650423e-05,0.00010794040281325579,0.00041912237926779985,0.0019515183521434665,0.00018050851033299671,0.00013402260810835287,0.27659679347179844,0.46732906997203827
B11,24.0,28.0,9387,2.9353687328215043e-05,0.00013277678081067128,0.0004966805265883366,0.002467272314243011,0.00020407113611554538,0.00017978106334339718,0.2853175125995224,0.47702605128288267
B11,28.0,32.0,10824,4.2641059741783915e-05,0.00013017982346354989,0.0005455518130636286,0.0022349731298163555,0.0002580227562618193,0.00022181020467542157,0.3054232816597934,0.47866547107696533
B11,32.0,36.0,12220,3.1559638189506064e-05,0.00011772429061238618,0.0005479309108000536,0.0017459898663219045,0.00016702404640280704,0.0002228758829005527,0.30831399761775913,0.47570903301239015
B11,36.0,40.0,13597,3.432557636473467e-05,0.00015641240461263716,0.0005843799848740851,0.0020719046704471104,0.00014977189038691173,0.0004126887244638009,0.29924667610142025,0.4809474229812622
B11,40.0,44.0,14072,5.226883050640852e-05,0.00019521686772350195,0.0007031692636875583,0.002498659456614404,0.00037577286846581095,0.0015551105199847314,0.3126234980597473,0.4784617006778717
B11,44.0,48.0,14767,6.221767233685507e-05,0.00028798132843803527,0.0008408103936683025,0.0031858162954449655,0.0004962132723579795,0.003155729384161529,0.32712293124972774,0.4791757434606552
B12,0.0,4.0,80,0.00033911392474692546,0.0004731549590360373,0.00043838755645992934,0.0007068674138281493,0.006974876840831712,0.008285338524729013,0.2533492805436254,0.3997462749481201
B12,4.0,8.0,554,7.274804432728887e-05,0.00019852963669109158,0.001028547161813516,0.0014714603894390168,0.0030649861960507095,0.005340148671530187,0.36076947088968614,0.4635810852050781
B12,8.0,12.0,1501,6.793704426788098e-05,0.00016032530402299017,0.0010633209704470788,0.00187686865683645,0.0002890520238298306,0.0011792079312726855,0.3197473702701713,0.4705943167209625
B12,12.0,16.0,2950,4.3384773888938416e-05,0.00016896864035515925,0.000840071373973318,0.0028128169011324643,4.424770139007371e-05,0.00017839954671217123,0.275488030923236,0.4572898685932159
B12,16.0,20.0,4766,6.272007002028136e-05,0.0002928205140051432,0.0009214581547226055,0.003336323075927794,0.00042761944995956913,0.001561902929097414,0.26871642443520893,0.4617169722914696
B12,20.0,24.0,6466,0.0001028414919546436,0.0004059417260577902,0.0009677347259590697,0.0033100569853559136,0.000726100797585039,0.003131466917693615,0.30383883028630787,0.47501134127378464
B12,24.0,28.0,8527,7.156170263049647e-05,0.0003336537425639104,0.0009018055534222795,0.003273754776455462,0.0003580347158124413,0.002238969109021126,0.32329593994238315,0.47415525615215304
B12,28.0,32.0,10712,5.373992529715911e-05,0.0002262848189275226,0.0007167603449085059,0.0027771012159064413,0.00036279027173479226,0.0008103918633423724,0.3307503639519017,0.47524298727512354
B12,32.0,36.0,13014,3.7403123367419335e-05,0.00018014796296483807,0.0006342039992024623,0.002379772486165163,0.00023608271290007958,0.0007281073194462749,0.333016504196718,0.4801308885216713
B12,36.0,40.0,15787,3.656615733258675e-05,0.00016170646849786842,0.0006154408323158864,0.002067566756159066,0.00019478102471592835,0.0005921726231463248,0.3245979657117554,0.47762987613677976
B12,40.0,44.0,17618,5.1351392313522926e-05,0.00019431709006312254,0.0006435631474178756,0.0025643076165579193,0.00035654569410403705,0.0012945772614330003,0.3190200112407249,0.48163679987192154
B12,44.0,48.0,18119,5.072529655274263e-05,0.00020466528367251121,0.0006480049545597872,0.0028847985202446577,0.0003637672416698535,0.0009845879394561015,0.3146347633839911,0.4837229967117309
B13,0.0,4.0,81,0.0015497645147627703,0.003074225038290024,0.002079529063467132,0.0029712042305618525,0.020539785804295982,0.02729830890893936,0.43881670817916774,0.4856128990650177
B13,4.0,8.0,557,0.00027012735728198,0.0006314821424894032,0.003547595110780407,0.003819654369726777,0.005277263534508639,0.013047367148101327,0.46597070004824465,0.490921413898468
B13,8.0,12.0,1502,0.0001652408697307658,0.0005158625135663898,0.0019530933170508688,0.0031028773286379875,8.0566207933554e-05,0.0006007779418723661,0.44423539777808435,0.4873709589242935
B13,12.0,16.0,2819,4.3664395231387834e-05,0.00010436410448164678,0.000795408664711045,0.001171016343869269,-1.6839309986145496e-05,0.00010436383963678962,0.38236127765799055,0.4740873873233795
B13,16.0,20.0,4114,1.4782534081214741e-05,5.657277197315125e-05,0.00038825188357075475,0.0006325673020910472,-1.787645090145188e-07,5.657297624566126e-05,0.32037514642923154,0.45759555548429487
B13,20.0,24.0,5300,1.068494711838775e-05,5.087157132948051e-05,0.00025696285134266494,0.0005207100883126262,8.530267328440695e-06,5.3237176871334675e-05,0.25972991972500237,0.44721024185419084
B13,24.0,28.0,6422,9.747847164901501e-06,4.179370298516002e-05,0.00024886946719653025,0.0008636356040369703,7.184875455460227e-05,5.770412226411278e-05,0.2584179161156615,0.4507708996534347
B13,28.0,32.0,7662,1.8152970809458415e-05,9.008936031023041e-05,0.0003436876263002277,0.0011276054719928652,0.00014420382021525918,0.0003197821584762991,0.2601652134819821,0.44873689264059063
B13,32.0,36.0,8886,2.9571585609572938e-05,0.0001511370028310921,0.0005270836266732747,0.00203666411107406,0.00022331721545761616,0.0010056782921310514,0.28107651814155205,0.4665989652276039
B13,36.0,40.0,9582,5.065275827619245e-05,0.00021782586627523394,0.0007611280005178206,0.0029583569499663995,0.00041463596965529963,0.002285853622015551,0.2991680582058683,0.4754421100020408
B13,40.0,44.0,10340,7.838523854580843e-05,0.00034605664695845894,0.0009081706643160059,0.0032408325583674,0.0005770529847103616,0.0034178159548901013,0.31091262629924027,0.480352109670639
B13,44.0,48.0,11398,7.19890621242567e-05,0.0003525478896335697,0.0009391213050782962,0.004009205056354401,0.0004726122881389031,0.002609349670819937,0.31482895511505515,0.4791655197739601
B14,0.0,4.0,72,0.0029992311236936883,0.009706074930727485,0.005419867444692904,0.0073314129142090685,0.03207110404036939,0.04910515751689673,0.4184998729162746,0.4799687147140503
B14,4.0,8.0,555,0.0006852292563658503,0.0014320677844807499,0.006344551063637744,0.007788200723007321,0.004634371947463683,0.016834895499050612,0.44944948613106667,0.4893010586500168
B14,8.0,12.0,1506,0.00023938362536455693,0.0007716626423643902,0.002444771924209169,0.004060521838255227,-6.812611243276856e-05,0.0007716624677414075,0.4111934051492436,0.49373455345630646
B14,12.0,16.0,2560,3.886916700658709e-05,0.0001234211085829882,0.0009692710051808717,0.0015686687082052222,3.886809155423388e-06,0.00012342133923084456,0.3670399185659193,0.4841736301779747
B14,16.0,20.0,3772,2.6171322528538532e-05,0.00012191209170850924,0.00048602192937892744,0.0008690422138897685,1.7450629324931723e-06,0.0001253686219570226,0.28439244162125205,0.45243285596370697
B14,20.0,24.0,4756,1.439846052550801e-05,6.272451537370216e-05,0.00036425402011474906,0.0009420647693332285,7.80218582215737e-05,8.707172491995152e-05,0.25668415264867195,0.4513154998421669
B14,24.0,28.0,5767,2.2523104596299823e-05,0.00010265164310112571,0.000428614479440965,0.0012000903720036148,0.00018778065657807765,0.0004860866436501955,0.31104156376425135,0.47439078688621517
B14,28.0,32.0,7013,3.9307502567458035e-05,0.00018795814830809815,0.0006634303555931281,0.002409728709608316,0.00020084316329837634,0.0008423548657447097,0.3541245028522364,0.48397084474563595
B14,32.0,36.0,8456,7.290399283601128e-05,0.0003911174717359245,0.0009022089104034534,0.004808632889762521,0.00046017550882196265,0.0018236315809190273,0.3376697964448591,0.48552846908569336
B14,36.0,40.0,9841,9.066979300101209e-05,0.00041511826566420496,0.0008820735367675736,0.004999528173357248,0.0006184868172288006,0.0013074183370918036,0.3084362949710586,0.4818757474422455
B14,40.0,44.0,11335,4.800105690935687e-05,0.0002556379389716306,0.000715672330209126,0.003414322203025221,0.00014733565096558657,0.00029342398047447164,0.3000925328888443,0.4787364602088928
B14,44.0,48.0,12090,2.2690667353490423e-05,0.00010055951679532882,0.0005332153002539632,0.001959784398786721,2.0575225077556174e-05,0.00010328725220460906,0.3008397020194002,0.4776916399598121
B15,0.0,4.0,80,0.002632893424924987,0.008255819324403998,0.005545642208016943,0.007427875651046634,0.02997009283863008,0.0465559808537364,0.4118838254362345,0.48303458243608477
B15,4.0,8.0,554,0.0007107448215575601,0.0014556165202520787,0.006234969960992974,0.007690766779705882,0.004181601459053922,0.014788758195936683,0.43891206098592667,0.48798430263996123
B15,8.0,12.0,1453,0.00024289214288755146,0.0006923298002220688,0.0024835006885918936,0.004074684157967567,-7.511316360372441e-05,0.0006923297652974723,0.37446058187362946,0.48316530585288997
B15,12.0,16.0,2493,4.7351016719789386e-05,0.00017240217421203856,0.0009595074440139494,0.0016489742789417504,6.592759416044816e-05,0.00022413227998185908,0.305696141347137,0.4762718856334686
B15,16.0,20.0,3730,2.5317190074844202e-05,0.00012387952156132085,0.00047457748024515935,0.0009269887028494849,0.0001924381905790789,0.0011405474273487829,0.2848400747640527,0.47348800152540205
B15,20.0,24.0,5190,2.005851739076527e-05,8.949207003752236e-05,0.00034268142629332026,0.0009769802913069726,0.00020959328234281053,0.0011419332819059492,0.29366882165878155,0.46246107667684555
B15,24.0,28.0,6532,1.6706373604444296e-05,8.000355192052661e-05,0.00035773227115539586,0.001162448839750141,0.00010783737957207168,0.0004125773717532857,0.2918403885315722,0.45974870473146434
B15,28.0,32.0,7768,1.9328965078248668e-05,9.60255794780096e-05,0.0004050639640167484,0.0012227681581862266,0.0001083747834678786,0.00015870240604272067,0.31053602280121523,0.46800109595060346
B15,32.0,36.0,9116,2.809919983597849e-05,0.00010042175927083008,0.0004494369403792721,0.0014886858116369694,0.00022725597911337668,0.0002537109685363248,0.333120295144219,0.4798845797777176
B15,36.0,40.0,10718,3.0489245780445914e-05,0.00015028847919893438,0.0005547504826459921,0.002253801294136791,0.00020769641430277012,0.0007761725690215818,0.33595844659059515,0.48300740122795105
B15,40.0,44.0,12438,4.249683405824253e-05,0.0001845165330450981,0.0006528775697956207,0.00254614669829607,0.00030254688147519004,0.0010858306195586872,0.3310502776383002,0.4834657162427902
B15,44.0,48.0,14188,5.23651996146597e-05,0.00019596747952164113,0.0006782007995430482,0.0027728745480999346,0.00042050323541561573,0.0017995880858507,0.3123035231781715,0.4845389321446419
